,Accuracy,Precision,Recall,F1-score
Raw Landmarks,0.9721428571428572,0.9731704958056205,0.9721428571428571,0.9724231863238298
Engineered Features,0.97,0.9707267792608911,0.97,0.9701373440373294
