Raw Landmarks,Engineered Features
0.8339905738830566,0.6726574897766113
